0,1,2,3
0.004539488,0.46452844,0.0,0
0.0,0.3186742,0.0,1
0.0,0.41441694,0.0,0
0.0,0.47059274,0.0,0
0.0,0.3890114,0.0,2
0.0,0.4248859,0.0,3
0.02135875,0.46280852,0.0,3
0.03893613,0.30500573,0.0,1
0.059212837,0.34607044,0.0,0
0.0025303052,0.3615903,0.0,1
0.0,0.45671237,0.0,0
0.0,0.30211598,0.0,1
0.0020427995,0.449025,0.0,3
0.0,0.46035314,0.0,2
0.0041381773,0.4722021,0.0,0
0.03360209,0.47049555,0.0,2
0.0,0.4735135,0.0,3
0.0,0.32372013,0.0,1
0.0,0.44098315,0.0,2
0.0,0.34549966,0.0,1
0.02429471,0.29995665,0.0,2
0.0040409467,0.4382875,0.0,3
0.0,0.47461617,0.0,0
0.0,0.31980714,0.0,3
0.0,0.36137497,0.0,2
0.0,0.34138718,0.0,1
0.0,0.4330924,0.0,2
0.0,0.3138561,0.0,3
0.10683769,0.41557384,0.0,1
0.0,0.44260073,0.0,2
0.0059432,0.36859146,0.0,1
0.12550008,0.4599813,0.0,2
0.0,0.31089073,0.0,3
0.0,0.43355536,0.0,2
0.0054268683,0.47426426,0.0,3
0.0,0.4296728,0.0,0
0.0,0.41454315,0.0,2
0.0,0.46751007,0.0,0
0.0,0.28339583,0.0,1
0.0,0.47152665,0.0,3
0.0,0.30846354,0.0,0
0.015373361,0.41199565,0.0,2
0.0,0.41347393,0.0,2
0.0,0.3741526,0.0,2
0.0,0.33541158,0.0,1
0.21008673,0.42531154,0.0,2
0.0203648,0.45052138,0.0,2
0.030666977,0.44201517,0.0,2
0.0,0.47069257,0.0,3
0.071991004,0.4441917,0.0,0
0.0,0.3678394,0.0,3
0.0,0.31852072,0.0,2
0.0073382263,0.47431323,0.0,3
0.0,0.4747179,0.0,3
0.0,0.44074842,0.0,1
0.0,0.3076504,0.0,1
0.0060738684,0.4730797,0.0,3
0.0039757346,0.46920896,0.0,0
0.0,0.4708915,0.0,3
0.024195056,0.43000644,0.0,1
0.023096113,0.4500187,0.0,0
0.027074488,0.37870088,0.0,0
0.02399344,0.4717273,0.0,3
0.0017570113,0.3568412,0.0,1
0.0,0.4195587,0.0,1
0.036545794,0.4205512,0.0,3
0.0016310669,0.4506069,0.0,0
0.0,0.35446915,0.0,1
0.14690901,0.43673033,0.0,2
0.005367371,0.46916646,0.0,3
0.0,0.46865204,0.0,2
0.0034394818,0.30549717,0.0,1
0.0,0.47067314,0.0,3
0.0,0.4582797,0.0,2
0.02268033,0.37250447,0.0,1
0.0,0.32095945,0.0,1
0.083404094,0.34221914,0.0,1
0.0,0.32647896,0.0,3
0.0,0.46505797,0.0,2
0.0,0.47140387,0.0,0
0.0,0.35806832,0.0,0
0.004003416,0.47426143,0.0,3
0.17994891,0.47534046,0.0,3
0.0,0.3297326,0.0,1
0.0,0.30387947,0.0,2
0.0,0.46859503,0.0,3
0.0,0.33810377,0.0,1
0.0,0.35033548,0.0,1
0.0025714105,0.33926907,0.0,0
0.0,0.44300646,0.0,0
0.0,0.33440068,0.0,0
0.0,0.34653342,0.0,0
0.0,0.467389,0.0,0
0.0,0.47110596,0.0,3
0.0,0.4308978,0.0,0
0.0026115992,0.4679672,0.0,0
0.013956598,0.33515933,0.0,1
0.017446296,0.33644947,0.0,3
0.05293597,0.366171,0.0,1
0.0,0.37215766,0.0,0
0.015812809,0.31594872,0.0,1
0.0,0.4528567,0.0,2
0.016363239,0.4371099,0.0,1
0.0,0.40707272,0.0,0
0.0,0.42005774,0.0,0
0.0,0.46672297,0.0,2
0.0,0.4176304,0.0,2
0.0060174204,0.35770574,0.0,1
0.0,0.47449303,0.0,3
0.075184435,0.40642646,0.0,1
0.042572256,0.43303242,0.0,2
0.006984377,0.31549335,0.0,1
0.06694466,0.3779636,0.0,1
0.0,0.42433032,0.0,1
0.0,0.43738994,0.0,2
0.0,0.46341947,0.0,3
0.0,0.38169333,0.0,1
0.0,0.44540912,0.0,0
0.0,0.4624039,0.0,3
0.0,0.36938596,0.0,3
0.021054013,0.4677592,0.0,3
0.0,0.42195156,0.0,1
0.0072605773,0.47385797,0.0,3
0.046421535,0.33658198,0.0,1
0.0,0.3232628,0.0,1
0.14356372,0.44901842,0.0,0
0.008259831,0.46151498,0.0,0
0.012093274,0.47178382,0.0,0
0.012365877,0.4601175,0.0,3
0.02719723,0.43581775,0.0,2
0.10154714,0.40379077,0.0,1
0.0,0.27939188,0.0,0
0.0,0.40083957,0.0,0
0.0,0.43616107,0.0,3
0.2258724,0.46359792,0.0,2
0.0,0.41462752,0.0,3
0.009312871,0.45066112,0.0,2
0.0,0.41131625,0.0,0
0.041497327,0.40582088,0.0,2
0.0007016384,0.4313332,0.0,0
0.12536457,0.34117523,0.0,1
0.09560449,0.3077195,0.0,1
0.023131274,0.33003289,0.0,1
0.0,0.46448904,0.0,0
0.0,0.4484629,0.0,2
0.0,0.38776228,0.0,0
0.09846003,0.3864984,0.0,1
0.0058904313,0.3816431,0.0,1
0.0,0.3667882,0.0,1
0.020928135,0.381657,0.0,0
0.0,0.47272536,0.0,0
0.0,0.4428375,0.0,3
0.043438945,0.44914123,0.0,3
0.0,0.41662082,0.0,1
0.0,0.38266462,0.0,1
0.0,0.3072938,0.0,0
0.0,0.46389636,0.0,3
0.0,0.30934134,0.0,3
0.07498113,0.34421048,0.0,1
0.0,0.30045202,0.0,1
0.04250289,0.38428494,0.0,0
0.07163926,0.3105345,0.0,1
0.0,0.37122506,0.0,1
0.0,0.37964147,0.0,3
0.035516392,0.4722038,0.0,3
0.0,0.32375652,0.0,1
0.10660093,0.4703536,0.0,2
0.0,0.46955234,0.0,0
0.0,0.4582124,0.0,0
0.04339495,0.47355035,0.0,0
0.0,0.42227927,0.0,0
0.1665953,0.31542817,0.0,2
0.0,0.4688785,0.0,3
0.014029052,0.4614937,0.0,2
0.0,0.46064383,0.0,0
0.0016923134,0.47234046,0.0,0
0.0,0.4671076,0.0,0
0.0,0.46565226,0.0,2
0.022073314,0.43409696,0.0,1
0.022021454,0.4111291,0.0,0
0.0,0.3382317,0.0,1
0.016973931,0.43420613,0.0,1
0.031658024,0.39698073,0.0,0
0.0,0.45940697,0.0,2
0.0,0.44747108,0.0,0
0.0,0.45478937,0.0,0
0.024535658,0.39071667,0.0,0
0.0,0.38289684,0.0,1
0.0,0.3651057,0.0,3
0.0,0.3577399,0.0,1
0.0,0.37243608,0.0,1
0.0,0.46163383,0.0,2
0.0,0.47347912,0.0,3
0.0,0.2808452,0.0,1
0.0,0.44074467,0.0,1
0.0,0.44657198,0.0,2
0.00774463,0.4619096,0.0,3
0.0,0.46649146,0.0,3
0.01638678,0.43775487,0.0,0
0.021944549,0.3532115,0.0,1
0.0,0.28272688,0.0,1
0.022603448,0.3254527,0.0,1
0.038647488,0.47455236,0.0,3
0.0028932272,0.40834856,0.0,0
0.0,0.4748986,0.0,0
0.0,0.31297863,0.0,1
0.013458244,0.45481497,0.0,0
0.055305332,0.4582205,0.0,2
0.005713577,0.44621566,0.0,0
0.027826717,0.47126168,0.0,3
0.0,0.45094064,0.0,2
0.0072007086,0.46229407,0.0,0
0.053708654,0.43722412,0.0,0
0.0,0.30060738,0.0,1
0.0,0.31921175,0.0,1
0.003999434,0.32331246,0.0,1
0.0,0.46548626,0.0,3
0.0,0.4170114,0.0,1
0.010323184,0.45228052,0.0,0
0.032804344,0.3253433,0.0,1
0.13630329,0.28491268,0.0,2
0.0,0.40124685,0.0,3
0.035267256,0.39413476,0.0,0
0.0,0.47051117,0.0,2
0.0706949,0.45012966,0.0,2
0.0,0.46055168,0.0,0
0.20691618,0.34655687,0.0,2
0.0,0.32691965,0.0,1
0.017905185,0.4553104,0.0,0
0.084742114,0.4688945,0.0,2
0.017812118,0.42173216,0.0,0
0.03200033,0.36075437,0.0,1
0.017280255,0.46930453,0.0,0
0.0,0.4454218,0.0,0
0.016621033,0.29514965,0.0,1
0.033286214,0.44946867,0.0,2
0.02537681,0.3769558,0.0,0
0.1575448,0.39752132,0.0,2
0.00605957,0.302801,0.0,1
0.0,0.36839345,0.0,2
0.005042867,0.45235288,0.0,0
0.03507003,0.46875438,0.0,2
0.0,0.44544145,0.0,3
0.042457853,0.37797627,0.0,1
0.0,0.32099834,0.0,1
0.0492947,0.3161002,0.0,1
0.006133811,0.4706351,0.0,3
0.0,0.4230365,0.0,2
0.06463686,0.37221155,0.0,1
0.0024027566,0.38927454,0.0,0
0.081559494,0.31482282,0.0,1
0.019558312,0.38968533,0.0,0
0.0,0.38198438,0.0,1
0.0,0.3524214,0.0,0
0.0,0.38551897,0.0,1
0.0,0.47260094,0.0,2
0.0,0.47322458,0.0,0
0.040451743,0.38227385,0.0,1
0.013853039,0.36722946,0.0,1
0.023716612,0.45017245,0.0,0
0.0,0.29722318,0.0,1
0.016060859,0.30746734,0.0,3
0.0,0.32788575,0.0,1
0.019649047,0.35602468,0.0,1
0.0,0.45996475,0.0,3
0.0,0.42110658,0.0,3
0.0,0.42434895,0.0,1
0.0,0.33547887,0.0,1
0.0,0.4692567,0.0,3
0.092012346,0.47284228,0.0,2
0.008850693,0.45372167,0.0,3
0.04252984,0.47284272,0.0,0
0.0,0.37576205,0.0,1
0.037820313,0.3535566,0.0,1
0.0,0.45699403,0.0,2
0.0,0.40821218,0.0,0
0.008263034,0.4329818,0.0,0
0.028920798,0.30132297,0.0,1
0.015200832,0.37246466,0.0,2
0.0,0.43630138,0.0,1
0.0,0.31577495,0.0,1
0.0,0.46430847,0.0,0
0.03196292,0.41035402,0.0,0
0.0,0.46809492,0.0,0
0.016892806,0.47292396,0.0,0
0.022370169,0.3911524,0.0,1
0.0,0.40405557,0.0,1
0.0,0.42962524,0.0,2
0.0,0.47299746,0.0,0
0.005203341,0.34023523,0.0,0
0.0,0.46920624,0.0,3
0.01145162,0.39481372,0.0,1
0.0,0.4257572,0.0,2
0.0004692177,0.43379104,0.0,0
0.012537459,0.44388792,0.0,3
0.14137238,0.4552703,0.0,2
0.0,0.4739694,0.0,3
0.05672439,0.36405745,0.0,1
0.0,0.3447059,0.0,1
0.13740799,0.4714342,0.0,2
0.011236541,0.39057758,0.0,0
0.0,0.4745225,0.0,0
0.0,0.30952737,0.0,1
0.036195133,0.47083277,0.0,0
0.2150985,0.47247073,0.0,2
0.0,0.32108974,0.0,1
0.0,0.3749653,0.0,2
0.0,0.35900664,0.0,2
0.015096626,0.3771427,0.0,0
0.0059711095,0.42702004,0.0,3
0.0,0.4607178,0.0,0
0.0,0.3112653,0.0,1
0.0,0.29943892,0.0,1
0.0,0.4577888,0.0,0
0.0,0.47185087,0.0,3
0.016638825,0.3853247,0.0,0
0.0,0.4474645,0.0,1
0.1634267,0.43905088,0.0,2
0.0,0.4700169,0.0,0
0.007931658,0.4328131,0.0,2
0.0,0.47337735,0.0,0
0.007776545,0.35000417,0.0,1
0.0,0.4738776,0.0,3
0.0,0.42463532,0.0,2
0.03873475,0.34567562,0.0,1
0.044369332,0.46064013,0.0,3
0.02318904,0.44253013,0.0,0
0.0,0.36707026,0.0,1
0.019658236,0.46089172,0.0,3
0.0,0.4133117,0.0,1
0.0,0.462937,0.0,0
0.09556704,0.36683106,0.0,1
0.0,0.29627192,0.0,0
0.0,0.46074432,0.0,0
0.0,0.46737307,0.0,0
0.0,0.4638432,0.0,3
0.0,0.3397327,0.0,1
0.0,0.45662537,0.0,3
0.0065124054,0.46986765,0.0,0
0.0,0.47217584,0.0,3
0.0,0.44527003,0.0,3
0.0,0.47291425,0.0,0
0.0,0.31084248,0.0,1
0.0,0.3291534,0.0,3
0.012612779,0.47001,0.0,0
0.0,0.3200155,0.0,0
0.0,0.4729502,0.0,0
0.0,0.36454374,0.0,1
0.04231839,0.47102195,0.0,3
0.08267502,0.44032723,0.0,0
0.0,0.30376163,0.0,1
0.013356332,0.30012113,0.0,2
0.0,0.47253576,0.0,0
0.086700864,0.44746092,0.0,2
0.0,0.46258157,0.0,2
0.015013949,0.3694354,0.0,1
0.024179038,0.32455897,0.0,1
0.0,0.44707572,0.0,0
0.0,0.33326018,0.0,1
0.0,0.4284209,0.0,1
0.010746853,0.30335638,0.0,3
0.0,0.28751543,0.0,1
0.0,0.39587203,0.0,0
0.0059629395,0.41055438,0.0,3
0.0,0.46986338,0.0,0
0.0,0.47320232,0.0,1
0.0027525644,0.44556072,0.0,1
0.0,0.3898693,0.0,1
0.0,0.45395505,0.0,2
0.0,0.37592182,0.0,1
0.021864679,0.38116163,0.0,1
0.013024398,0.44590285,0.0,3
0.04555054,0.34476045,0.0,2
0.005504558,0.46131432,0.0,3
0.0,0.3567684,0.0,1
0.020096214,0.37729737,0.0,1
0.037197754,0.29936263,0.0,1
0.024729732,0.45069095,0.0,3
0.003185805,0.33588016,0.0,1
0.0025540472,0.4285607,0.0,0
0.021069046,0.4431479,0.0,3
0.00196611,0.47247913,0.0,0
0.023067836,0.41817683,0.0,0
0.0,0.36355543,0.0,1
0.0088529615,0.4710282,0.0,0
0.0,0.46290433,0.0,1
0.0,0.45881528,0.0,3
0.009671246,0.4083633,0.0,0
0.029376308,0.46733817,0.0,3
0.0,0.47475308,0.0,3
0.0,0.31672558,0.0,1
0.026694538,0.46468052,0.0,3
0.088123165,0.45540962,0.0,2
0.027655957,0.474577,0.0,3
0.014681775,0.31353047,0.0,1
0.0,0.40071067,0.0,2
0.0045069368,0.3448592,0.0,1
0.010653982,0.47140422,0.0,0
0.0,0.46910432,0.0,0
0.0,0.40734473,0.0,0
0.007494484,0.4633351,0.0,2
0.009526604,0.42520222,0.0,2
0.0,0.30377862,0.0,1
0.023332708,0.4027431,0.0,1
0.013524111,0.43134567,0.0,0
0.021507563,0.47169527,0.0,3
0.0,0.3375733,0.0,0
0.017261464,0.47209415,0.0,3
0.028218238,0.26774296,0.0,3
0.0081844665,0.46296605,0.0,2
0.0,0.37705866,0.0,1
0.0,0.42276454,0.0,0
0.07136456,0.4209237,0.0,2
0.228289,0.46801892,0.0,2
0.0,0.40392944,0.0,2
0.046127062,0.47371703,0.0,3
0.061942834,0.46078807,0.0,0
0.0,0.34337357,0.0,1
0.0,0.29729033,0.0,1
0.0,0.44009468,0.0,0
0.0,0.41523412,0.0,1
0.0,0.47509426,0.0,0
0.0,0.35930294,0.0,1
0.0018805107,0.38981068,0.0,3
0.0,0.46385306,0.0,3
0.0,0.43317464,0.0,2
0.0,0.35768625,0.0,1
0.0,0.3241188,0.0,1
0.017412247,0.43830848,0.0,0
0.08531369,0.47275072,0.0,3
0.0,0.39915887,0.0,2
0.0,0.41005176,0.0,3
0.016513838,0.40443984,0.0,2
0.15079203,0.38426614,0.0,2
0.10342469,0.42818543,0.0,2
0.0,0.44868445,0.0,0
0.0,0.46189874,0.0,2
0.018633626,0.46952295,0.0,0
0.05805626,0.3198366,0.0,1
0.040235423,0.33259198,0.0,1
0.0066287317,0.47239676,0.0,3
0.00080612436,0.47121242,0.0,0
0.0,0.43615878,0.0,2
0.0,0.31798202,0.0,1
0.0,0.3738726,0.0,1
0.0062499973,0.42221016,0.0,3
0.0,0.4676894,0.0,0
0.0,0.43394527,0.0,1
0.0,0.41804895,0.0,1
0.0,0.31119144,0.0,1
0.0,0.30589992,0.0,3
0.0,0.43692836,0.0,0
0.033675388,0.34046197,0.0,1
0.0,0.42247364,0.0,1
0.0,0.37014624,0.0,2
0.0,0.30759817,0.0,2
0.0,0.47465393,0.0,3
0.05838992,0.45950684,0.0,2
0.0,0.46193227,0.0,2
0.022311848,0.4217725,0.0,3
0.0,0.4372267,0.0,2
0.030320873,0.402047,0.0,1
0.0053002085,0.46475148,0.0,2
0.0,0.31592435,0.0,1
0.0,0.43345296,0.0,2
0.0,0.43511555,0.0,1
0.0,0.47285485,0.0,2
0.0,0.30178732,0.0,2
0.0,0.42919064,0.0,1
0.0,0.45858338,0.0,2
0.012532059,0.37998486,0.0,1
0.010802132,0.42878452,0.0,2
0.0048146965,0.45905823,0.0,3
0.0,0.47177932,0.0,3
0.0,0.44527233,0.0,3
0.009079627,0.46937332,0.0,3
0.11674407,0.37923998,0.0,2
0.0,0.29840904,0.0,1
0.0,0.31147963,0.0,1
0.0,0.40923196,0.0,0
0.0,0.47516692,0.0,3
0.0032848944,0.47511718,0.0,3
0.005212511,0.39752182,0.0,2
0.0,0.4602219,0.0,2
0.1638994,0.35183996,0.0,1
0.03523997,0.44517386,0.0,2
0.031867832,0.46414185,0.0,3
0.085037954,0.46889654,0.0,2
0.0,0.30552942,0.0,3
0.07365965,0.35079625,0.0,1
0.12169353,0.44572085,0.0,2
0.0,0.40619114,0.0,1
0.00045716044,0.43857425,0.0,0
0.0062255813,0.34389588,0.0,0
0.0,0.43443465,0.0,2
0.011673213,0.45397282,0.0,0
0.08589634,0.3119377,0.0,1
0.0,0.37079513,0.0,1
0.0,0.46820933,0.0,2
0.0232921,0.46408725,0.0,2
0.0,0.47176594,0.0,3
0.0,0.3920466,0.0,2
0.0,0.36729681,0.0,1
0.09016809,0.466117,0.0,2
0.0,0.47403646,0.0,3
0.0,0.4478077,0.0,3
0.0,0.38135147,0.0,1
0.011520017,0.46047372,0.0,0
0.0004745317,0.46349394,0.0,0
0.0,0.4718006,0.0,3
0.025933992,0.3322948,0.0,1
0.002018274,0.47283828,0.0,3
0.0,0.3748349,0.0,0
0.005421339,0.41791812,0.0,0
0.0,0.47392076,0.0,0
0.0331348,0.32976094,0.0,1
0.015098145,0.4531467,0.0,3
0.0,0.44071662,0.0,2
0.092261024,0.4557196,0.0,2
0.0,0.43151036,0.0,0
0.0,0.33363467,0.0,1
0.0,0.43145096,0.0,1
0.0,0.45597225,0.0,0
0.034038797,0.47034818,0.0,3
0.0069984333,0.46346024,0.0,1
0.008597962,0.44083366,0.0,3
0.016727554,0.43283495,0.0,2
0.0,0.37681833,0.0,1
0.0,0.3503441,0.0,1
0.0,0.4748322,0.0,0
0.0,0.43668067,0.0,0
0.018531092,0.41296685,0.0,1
0.0,0.45620623,0.0,2
0.007366219,0.31829974,0.0,1
0.0,0.38826954,0.0,0
0.0,0.34608752,0.0,3
0.0063700397,0.41060638,0.0,3
0.0,0.4750071,0.0,3
0.0041125347,0.46957028,0.0,0
0.0,0.37961972,0.0,3
0.0,0.465016,0.0,2
0.0,0.47309294,0.0,3
0.02973988,0.43709627,0.0,2
0.0,0.42491573,0.0,1
0.0,0.31657243,0.0,0
0.0,0.3266244,0.0,1
0.0,0.37877703,0.0,1
0.0,0.3248938,0.0,1
0.054094203,0.36634248,0.0,1
0.0,0.45411843,0.0,0
0.035981867,0.46910092,0.0,3
0.0,0.4740295,0.0,3
0.0,0.31758475,0.0,1
0.0,0.4729012,0.0,0
0.019223746,0.462082,0.0,3
0.021089042,0.27637407,0.0,1
0.0,0.38720483,0.0,0
0.04652822,0.3840555,0.0,0
0.037727,0.4721582,0.0,0
0.007422191,0.32047635,0.0,0
0.039743394,0.4739198,0.0,3
0.023059562,0.35660145,0.0,1
0.011807871,0.47213396,0.0,3
0.0,0.33818862,0.0,1
0.0064360937,0.47492674,0.0,3
0.0,0.471797,0.0,0
0.0,0.25929126,0.0,0
0.0,0.4628011,0.0,3
0.20370202,0.45019394,0.0,2
0.0,0.3944738,0.0,0
0.009925131,0.31939927,0.0,1
0.06470416,0.3625564,0.0,1
0.0,0.4683244,0.0,0
0.0,0.46324074,0.0,0
0.0006926832,0.46535507,0.0,0
0.0,0.33230472,0.0,1
0.0,0.33399603,0.0,1
0.019412387,0.36519822,0.0,2
0.093542024,0.4714276,0.0,2
0.0,0.3016427,0.0,3
0.020707173,0.43100548,0.0,3
0.009854888,0.4739018,0.0,3
0.046399336,0.31951112,0.0,1
0.0,0.38711262,0.0,1
0.005539616,0.47327217,0.0,0
0.0062762303,0.46431714,0.0,2
0.0,0.270372,0.0,1
0.023929365,0.47091305,0.0,0
0.033172376,0.45130563,0.0,2
0.012450923,0.36265582,0.0,0
0.089852065,0.47297347,0.0,2
0.06901396,0.3809664,0.0,3
0.0,0.43740603,0.0,1
0.0,0.3046261,0.0,1
0.0,0.45648444,0.0,0
0.13867123,0.31742495,0.0,2
0.0,0.35400754,0.0,2
0.06840599,0.46417722,0.0,2
0.030755399,0.4340282,0.0,0
0.0,0.28492662,0.0,1
0.0,0.4630277,0.0,0
0.010385444,0.3711558,0.0,1
0.0,0.46088928,0.0,0
0.0,0.3386489,0.0,1
0.087078005,0.35195562,0.0,2
0.15345979,0.45240736,0.0,2
0.0,0.4488796,0.0,2
0.0,0.47472805,0.0,0
0.0,0.45727414,0.0,3
0.0,0.39863482,0.0,1
0.027815899,0.3388314,0.0,1
0.0,0.41040602,0.0,2
0.0,0.2876724,0.0,0
0.010543719,0.35984442,0.0,0
0.031270627,0.3291745,0.0,1
0.06579691,0.42467096,0.0,2
0.0,0.3348039,0.0,2
0.0,0.3323505,0.0,0
0.0,0.38425782,0.0,2
0.0059793983,0.46530035,0.0,3
0.16973898,0.46878266,0.0,2
0.0,0.4311418,0.0,2
0.0,0.46535394,0.0,3
0.0,0.39219886,0.0,2
0.0,0.419489,0.0,1
0.01414022,0.4607359,0.0,3
0.0,0.33374706,0.0,1
0.055340167,0.4514221,0.0,2
0.0009004021,0.44713163,0.0,0
0.00036548634,0.44615582,0.0,0
0.0,0.34249073,0.0,2
0.047339477,0.46261883,0.0,2
0.0,0.381514,0.0,1
0.005983686,0.27097252,0.0,1
0.07740742,0.46016398,0.0,2
0.0,0.44946885,0.0,1
0.0006032488,0.33494848,0.0,0
0.0,0.43546587,0.0,2
0.0,0.47132942,0.0,0
0.035781942,0.33051464,0.0,0
0.0016333647,0.3991746,0.0,0
0.0,0.2873738,0.0,1
0.0,0.4713032,0.0,3
0.07127473,0.35715836,0.0,1
0.0,0.45580214,0.0,2
0.0,0.40313363,0.0,0
0.0,0.41290632,0.0,1
0.0,0.37494472,0.0,1
0.011021297,0.37651646,0.0,2
0.0,0.46396106,0.0,2
0.0,0.44146144,0.0,0
0.0,0.47133005,0.0,0
0.0,0.3930122,0.0,1
0.0,0.4715655,0.0,3
0.0,0.3623074,0.0,2
0.11709697,0.42142305,0.0,1
0.0075588482,0.3754888,0.0,0
0.0,0.32571405,0.0,3
0.0,0.31970674,0.0,1
0.03886147,0.37089723,0.0,1
0.0,0.38065314,0.0,0
0.019143319,0.46114245,0.0,2
0.02895585,0.47113365,0.0,0
0.0,0.3852837,0.0,0
0.0,0.39756578,0.0,0
0.009218838,0.3617775,0.0,1
0.022036599,0.38458407,0.0,1
0.0,0.43511152,0.0,2
0.0,0.38609678,0.0,1
0.0,0.43873054,0.0,2
0.0039484277,0.4550882,0.0,2
0.0,0.4746433,0.0,3
0.021943165,0.3233684,0.0,0
0.0,0.39521733,0.0,2
0.0,0.41550758,0.0,0
0.0,0.31022045,0.0,1
0.04907726,0.46546498,0.0,3
0.002427606,0.47158656,0.0,0
0.022029972,0.4713305,0.0,2
0.0022116683,0.46755072,0.0,0
0.0,0.366088,0.0,1
0.0,0.36101383,0.0,1
0.0,0.39451182,0.0,2
0.0,0.47514477,0.0,3
0.0,0.44904953,0.0,3
0.0,0.46059886,0.0,3
0.0,0.2971303,0.0,0
0.0,0.30806392,0.0,1
0.0,0.38838086,0.0,3
0.089152515,0.37220985,0.0,0
0.0,0.4427219,0.0,0
0.011928718,0.41244227,0.0,0
0.0,0.47343573,0.0,0
0.02924289,0.43822637,0.0,3
0.018732943,0.44315946,0.0,3
0.0,0.4702492,0.0,0
0.0,0.43008944,0.0,0
0.008234002,0.47049603,0.0,3
0.00782043,0.28848672,0.0,0
0.0,0.423193,0.0,2
0.13868424,0.45268252,0.0,2
0.0,0.4667424,0.0,2
0.036855098,0.28504714,0.0,1
0.0,0.34718886,0.0,1
0.0,0.46822885,0.0,3
0.0013908251,0.43090045,0.0,0
0.0025423395,0.47479683,0.0,3
0.069250844,0.467357,0.0,3
0.011927386,0.46971205,0.0,3
0.0072482317,0.4673553,0.0,3
0.0,0.42138752,0.0,0
0.0035909754,0.4708167,0.0,0
0.0,0.4729559,0.0,3
0.0070565403,0.45180687,0.0,3
0.0,0.30847085,0.0,1
0.003093619,0.45343167,0.0,2
0.0,0.35232893,0.0,1
0.024301114,0.45232004,0.0,2
0.021299684,0.45266595,0.0,2
0.007656354,0.45445433,0.0,3
0.0,0.4674823,0.0,0
0.0,0.46136665,0.0,0
0.0,0.35949948,0.0,1
0.0,0.4442909,0.0,2
0.00523755,0.46072713,0.0,3
0.0,0.38742563,0.0,1
0.04751898,0.44429773,0.0,2
0.009577413,0.4688282,0.0,3
0.004203602,0.47499633,0.0,3
0.062029596,0.33877662,0.0,1
0.0,0.32352173,0.0,0
0.0102467025,0.47153172,0.0,3
0.0,0.45531544,0.0,3
0.0,0.46837404,0.0,0
0.0,0.42833677,0.0,0
0.0,0.37051582,0.0,1
0.016465157,0.3032521,0.0,1
0.0,0.460679,0.0,2
0.0,0.2953424,0.0,0
0.0,0.447718,0.0,2
0.0,0.40050024,0.0,0
0.0,0.3044352,0.0,1
0.04408679,0.30587906,0.0,1
0.03399797,0.31391522,0.0,1
0.0,0.34665617,0.0,0
0.115093246,0.43998945,0.0,2
0.0,0.28819215,0.0,3
0.011352996,0.47126144,0.0,2
0.020304367,0.44354224,0.0,1
0.014245451,0.3824179,0.0,0
0.013139996,0.47381812,0.0,0
0.0,0.46259117,0.0,3
0.0,0.3348995,0.0,1
0.0,0.4377475,0.0,0
0.07664957,0.47054136,0.0,2
0.012875417,0.4737208,0.0,3
0.056603897,0.30268323,0.0,1
0.0,0.4478716,0.0,1
0.054826614,0.3109134,0.0,1
0.010834069,0.29440767,0.0,1
0.08152226,0.4736383,0.0,3
0.0,0.47484633,0.0,0
0.01886159,0.4664593,0.0,2
0.0,0.31288874,0.0,1
0.0114940265,0.47238037,0.0,2
0.0,0.4699672,0.0,3
0.0,0.33815297,0.0,1
0.0,0.35481635,0.0,1
0.05494911,0.3297488,0.0,1
0.0,0.4242597,0.0,2
0.050759006,0.32589978,0.0,1
0.0,0.39383313,0.0,2
0.0,0.44155133,0.0,2
0.0,0.34673056,0.0,1
0.0,0.3080756,0.0,1
0.0,0.46602818,0.0,3
0.00042306125,0.3771856,0.0,0
0.0,0.4676969,0.0,3
0.0,0.4562038,0.0,0
0.06367152,0.42393097,0.0,0
0.0017557915,0.4592978,0.0,0
0.02528728,0.34095806,0.0,1
0.02180144,0.38315445,0.0,3
0.071525864,0.37986317,0.0,0
0.0,0.34281954,0.0,1
0.0,0.3872308,0.0,2
0.025280135,0.4748677,0.0,3
0.0,0.32830107,0.0,1
0.029736003,0.42217508,0.0,3
0.06360672,0.31767297,0.0,1
0.0,0.4712027,0.0,3
0.0,0.4671243,0.0,3
0.008576854,0.4680202,0.0,3
0.0,0.4211719,0.0,1
0.0,0.32310772,0.0,1
0.0048242295,0.4066516,0.0,1
0.00092290505,0.42531428,0.0,0
0.0,0.39787295,0.0,1
0.054924615,0.4526093,0.0,2
0.053226262,0.42480904,0.0,0
0.057360847,0.45280796,0.0,0
0.009803171,0.47147602,0.0,3
0.04618821,0.4016364,0.0,1
0.0,0.46161687,0.0,0
0.0,0.36264604,0.0,1
0.0,0.45012283,0.0,3
0.040417425,0.40342012,0.0,1
0.0,0.43946487,0.0,3
0.005101022,0.47180557,0.0,0
0.0,0.46236518,0.0,2
0.0,0.43686044,0.0,2
0.0,0.46769905,0.0,2
0.022540355,0.40406308,0.0,1
0.011034784,0.47473085,0.0,3
0.00427278,0.36317536,0.0,1
0.016503874,0.4690268,0.0,0
0.0,0.47494033,0.0,3
0.010684401,0.4186032,0.0,1
0.0,0.44603682,0.0,0
0.020343635,0.44852826,0.0,2
0.0,0.37435406,0.0,1
0.0,0.47291052,0.0,3
0.0,0.47495592,0.0,3
0.0,0.47392794,0.0,3
0.005250213,0.47132435,0.0,3
0.0,0.45370883,0.0,3
0.0,0.4726265,0.0,0
0.0,0.47495222,0.0,3
0.0,0.39848086,0.0,1
0.028409041,0.41685796,0.0,1
0.0,0.31510627,0.0,1
0.0,0.46242717,0.0,3
0.0,0.4692254,0.0,3
0.0,0.3649274,0.0,1
0.0,0.35996202,0.0,0
0.0,0.41633433,0.0,0
0.0030155908,0.46143943,0.0,0
0.01780395,0.3622321,0.0,1
0.00023190389,0.40113646,0.0,0
0.0029113654,0.47067362,0.0,3
0.004880853,0.46691397,0.0,3
0.0,0.40431702,0.0,2
0.0,0.4414503,0.0,3
0.0,0.45295614,0.0,3
0.0,0.47155017,0.0,3
0.036463246,0.36119315,0.0,2
0.00618299,0.46923354,0.0,0
0.0,0.31003988,0.0,1
0.0,0.37390882,0.0,1
0.16299045,0.47385785,0.0,2
0.0,0.45868066,0.0,3
0.0074368864,0.47216403,0.0,3
0.0,0.4695469,0.0,3
0.13063785,0.4317807,0.0,2
0.0009298081,0.33775806,0.0,0
0.0,0.47267348,0.0,3
0.0,0.4523346,0.0,2
0.0,0.44215164,0.0,3
0.1324102,0.44347447,0.0,2
0.0,0.44106036,0.0,1
0.021234298,0.47519237,0.0,3
0.078865886,0.37993935,0.0,1
0.15495051,0.46813533,0.0,2
0.082577094,0.39236492,0.0,1
0.0,0.45206535,0.0,0
0.0049348385,0.47483587,0.0,3
0.19690847,0.4244924,0.0,0
0.09934461,0.4520611,0.0,2
0.0,0.28654835,0.0,1
0.0,0.45381352,0.0,2
0.0020998102,0.47419584,0.0,3
0.0,0.46339363,0.0,2
0.0,0.45691672,0.0,2
0.014122376,0.46180636,0.0,2
0.0,0.39801624,0.0,2
0.0,0.41194567,0.0,0
0.004622269,0.4463742,0.0,2
0.06758811,0.42423862,0.0,2
0.0,0.29385966,0.0,1
0.0,0.28705695,0.0,0
0.030674351,0.40439183,0.0,2
0.0,0.4652169,0.0,0
0.0,0.47290105,0.0,3
0.0,0.4231632,0.0,0
0.0,0.43451837,0.0,2
0.0,0.36716902,0.0,0
0.0036034544,0.46833825,0.0,2
0.0,0.3936242,0.0,0
0.004149393,0.47240612,0.0,3
0.0,0.44002742,0.0,2
0.018907182,0.45623666,0.0,3
0.024828795,0.3945763,0.0,2
0.0,0.46979558,0.0,3
0.0,0.45501336,0.0,3
0.0,0.2711836,0.0,1
0.0,0.31811556,0.0,1
0.1705106,0.30862206,0.0,1
0.0,0.2720263,0.0,1
0.04698307,0.30721003,0.0,1
0.0,0.30730933,0.0,1
0.016207414,0.31105855,0.0,2
0.0,0.3003862,0.0,0
0.0,0.47271717,0.0,2
0.0,0.3148502,0.0,1
0.0,0.27608606,0.0,1
0.0,0.46516827,0.0,3
0.0,0.4380346,0.0,0
0.0063284487,0.47463796,0.0,3
0.0,0.4605881,0.0,2
0.0,0.30353612,0.0,1
0.0,0.3076897,0.0,0
0.0,0.41120586,0.0,1
0.0064395703,0.46977854,0.0,2
0.014666245,0.34567714,0.0,1
0.010826602,0.26927778,0.0,1
0.015049103,0.39750612,0.0,1
0.0,0.39725515,0.0,2
0.05592302,0.31400174,0.0,0
0.042431284,0.43610284,0.0,0
0.008392891,0.3400464,0.0,3
0.012964498,0.45004368,0.0,0
0.0,0.4487848,0.0,2
0.0,0.46018517,0.0,2
0.010488056,0.46674,0.0,0
0.0,0.3028782,0.0,2
0.0,0.42901936,0.0,2
0.0,0.42328343,0.0,3
0.0,0.39092562,0.0,1
0.117528334,0.3754417,0.0,1
0.0,0.33293965,0.0,0
0.0,0.40572655,0.0,2
0.0,0.35325977,0.0,1
0.0,0.28763556,0.0,1
0.0666567,0.47199464,0.0,2
0.0,0.400531,0.0,0
0.1175748,0.33215034,0.0,1
0.0,0.41553906,0.0,0
0.010389353,0.46771434,0.0,0
0.02108432,0.4689493,0.0,0
0.023996945,0.46262318,0.0,3
0.0,0.32826328,0.0,0
0.0,0.38018566,0.0,1
0.057389773,0.35667792,0.0,2
0.019808378,0.46203676,0.0,3
0.012225309,0.34420168,0.0,1
0.06808598,0.46576378,0.0,0
0.040147427,0.4115057,0.0,1
0.0,0.27600104,0.0,1
0.1270526,0.35052586,0.0,2
0.058209922,0.3446957,0.0,1
0.0,0.3501726,0.0,1
0.021522187,0.30686003,0.0,1
0.012119129,0.45492256,0.0,0
0.0,0.45692125,0.0,1
0.002323108,0.47245806,0.0,3
0.0,0.29179713,0.0,0
0.0,0.36246228,0.0,1
0.005313111,0.4502683,0.0,1
0.0,0.43123743,0.0,2
0.005420185,0.45697954,0.0,0
0.073904745,0.4501106,0.0,2
0.0,0.40217757,0.0,1
0.0019899728,0.44174325,0.0,0
0.0,0.4466372,0.0,2
0.038016617,0.45553368,0.0,0
0.021127844,0.47312146,0.0,2
0.011303403,0.37714022,0.0,2
0.064863846,0.4708,0.0,3
0.0,0.4681554,0.0,0
0.0,0.28905526,0.0,0
0.0,0.38946503,0.0,1
0.0,0.29525024,0.0,1
0.0,0.32590538,0.0,3
0.026721047,0.45288065,0.0,2
0.0,0.45666468,0.0,2
0.0,0.445255,0.0,2
0.0,0.46816602,0.0,0
0.045499902,0.32132614,0.0,0
0.10616781,0.47030225,0.0,2
0.0,0.47054607,0.0,0
0.0,0.38820088,0.0,1
0.0,0.43796176,0.0,2
0.0028289375,0.4394184,0.0,2
0.086240165,0.47241122,0.0,3
0.0,0.445922,0.0,0
0.02597131,0.4712502,0.0,3
0.032050285,0.44479892,0.0,2
0.028404929,0.44215047,0.0,3
0.0005257206,0.4735037,0.0,0
0.0,0.3994447,0.0,0
0.00053104566,0.40356168,0.0,0
0.0,0.40690848,0.0,0
0.005253491,0.36497918,0.0,0
0.085740365,0.4513287,0.0,2
0.01723755,0.3205932,0.0,0
0.13794121,0.4505867,0.0,0
0.09805132,0.4659292,0.0,2
0.0,0.3989407,0.0,0
0.0,0.34320295,0.0,1
0.018268742,0.33832118,0.0,0
0.20002599,0.45189062,0.0,2
0.0,0.456256,0.0,2
0.031947248,0.35532832,0.0,3
0.0,0.4098254,0.0,2
0.0065222285,0.47260115,0.0,3
0.0019190896,0.44625592,0.0,0
0.011308497,0.36869144,0.0,0
0.009189182,0.3399705,0.0,1
0.0,0.30584997,0.0,1
0.0,0.40926185,0.0,2
0.1261451,0.34625396,0.0,1
0.0,0.42725036,0.0,2
0.060213283,0.4599008,0.0,2
0.0,0.45701832,0.0,3
0.006640008,0.46569216,0.0,0
0.0,0.33679205,0.0,1
0.0,0.35504967,0.0,1
0.048814345,0.3503838,0.0,1
0.02686689,0.44403154,0.0,2
0.015347946,0.34808925,0.0,2
0.0,0.45213223,0.0,2
0.0,0.45190394,0.0,3
0.10804252,0.36611682,0.0,1
0.0,0.46582797,0.0,2
0.027961267,0.42940798,0.0,2
0.0,0.3617278,0.0,1
0.0038612916,0.4748591,0.0,3
0.0,0.42376673,0.0,0
0.011002441,0.4729151,0.0,3
0.0,0.4696604,0.0,3
0.0,0.45921233,0.0,0
0.028398406,0.44747117,0.0,0
0.02650488,0.40187067,0.0,3
0.0,0.29606456,0.0,1
0.0,0.46162048,0.0,2
0.009866756,0.3150227,0.0,1
0.0,0.406677,0.0,2
0.0,0.38916084,0.0,1
0.03742024,0.30294782,0.0,1
0.021879926,0.46318692,0.0,3
0.0,0.4330113,0.0,1
0.0,0.3019219,0.0,0
0.0,0.34922743,0.0,1
0.0,0.45109,0.0,0
0.006080535,0.46281537,0.0,3
0.0,0.45076647,0.0,3
0.20206933,0.47391155,0.0,2
0.002637482,0.4559082,0.0,0
0.05581645,0.46420008,0.0,2
0.0,0.323199,0.0,1
0.10217985,0.469621,0.0,3
0.081381135,0.44926602,0.0,2
0.0,0.34971207,0.0,0
0.053958744,0.45865986,0.0,2
0.0,0.4693268,0.0,0
0.091092974,0.43053347,0.0,0
0.0762823,0.3167213,0.0,1
0.0,0.42268294,0.0,3
0.0,0.4554699,0.0,0
0.0,0.39554152,0.0,1
0.026210042,0.34392375,0.0,0
0.0,0.37078267,0.0,1
0.0299343,0.34005696,0.0,1
0.0,0.43715402,0.0,2
0.0,0.3069302,0.0,1
0.013309574,0.4739122,0.0,3
0.0,0.3703562,0.0,1
0.011128748,0.45775622,0.0,2
0.010355087,0.33947825,0.0,1
0.0,0.46021307,0.0,3
0.017075961,0.47533643,0.0,3
0.0,0.41344842,0.0,1
0.0046317237,0.32731557,0.0,3
0.037195753,0.38998678,0.0,0
0.066751175,0.33467975,0.0,1
0.013114572,0.4107779,0.0,0
0.0,0.4514621,0.0,0
0.0,0.37823167,0.0,1
0.004594771,0.40699634,0.0,1
0.01851142,0.3689082,0.0,0
0.0,0.40696096,0.0,1
0.0647708,0.35209107,0.0,1
0.009715021,0.44333014,0.0,3
0.0,0.4273838,0.0,1
0.0,0.47218648,0.0,3
0.0,0.30963472,0.0,1
0.0,0.46109042,0.0,2
0.0037173547,0.45223293,0.0,0
0.0,0.32243997,0.0,1
0.08942711,0.30753392,0.0,1
0.0,0.4274763,0.0,3
0.0,0.45783862,0.0,2
0.113373384,0.4703142,0.0,2
0.0,0.34364653,0.0,0
0.0,0.320658,0.0,0
0.0,0.33422557,0.0,1
0.0032423863,0.47515512,0.0,3
0.074652955,0.39726356,0.0,2
0.0,0.46903703,0.0,3
0.0,0.34615088,0.0,1
0.020467253,0.4739447,0.0,0
0.031195927,0.4413956,0.0,0
0.0,0.40317363,0.0,1
0.10264741,0.42897075,0.0,0
0.081598535,0.35003176,0.0,1
0.0,0.31778955,0.0,1
0.0,0.4686456,0.0,0
0.005462636,0.34621575,0.0,1
0.0,0.44890687,0.0,1
0.0,0.46136442,0.0,3
0.020410804,0.4190547,0.0,1
0.0,0.39916688,0.0,1
0.033060838,0.47246784,0.0,3
0.0,0.3526465,0.0,1
0.0,0.3563826,0.0,0
0.0,0.43251637,0.0,1
0.0,0.43766597,0.0,3
0.0,0.38352412,0.0,0
0.0,0.447998,0.0,2
0.0,0.47519103,0.0,3
0.01776955,0.46921363,0.0,1
0.0,0.4609506,0.0,3
0.0,0.39995134,0.0,1
0.0,0.451766,0.0,0
0.0,0.43641266,0.0,3
0.0,0.43671224,0.0,2
0.016295254,0.38372242,0.0,1
0.0,0.4737113,0.0,0
0.0066378512,0.40071285,0.0,1
0.0,0.2810848,0.0,1
0.0,0.46204448,0.0,3
0.001466491,0.46263194,0.0,0
0.0,0.44376862,0.0,3
0.0,0.47243932,0.0,0
0.0,0.4634947,0.0,0
0.10946145,0.38740295,0.0,1
0.0,0.47481614,0.0,3
0.008053913,0.29417062,0.0,1
0.0,0.3713435,0.0,1
0.038868055,0.43867797,0.0,0
0.01441963,0.4589189,0.0,0
0.0,0.43773043,0.0,1
0.0,0.4652569,0.0,2
0.07036788,0.4277922,0.0,0
0.0,0.41254357,0.0,1
0.01331223,0.39994514,0.0,1
0.0,0.47047326,0.0,2
0.0,0.46278197,0.0,3
0.0,0.4551234,0.0,3
0.026513664,0.3196705,0.0,1
0.0,0.46226788,0.0,3
0.16237617,0.42212236,0.0,2
0.0,0.34980518,0.0,1
0.0,0.40465483,0.0,3
0.0,0.2938248,0.0,0
0.0,0.44671875,0.0,0
0.0,0.45344034,0.0,1
0.0,0.46558604,0.0,2
0.0,0.29933387,0.0,0
0.0,0.34781325,0.0,0
0.0,0.3376455,0.0,1
0.006107799,0.46578315,0.0,0
0.0,0.47532323,0.0,3
0.0,0.29411533,0.0,3
0.0,0.4746352,0.0,3
0.001018272,0.38134342,0.0,0
0.0,0.47438368,0.0,3
0.0135197835,0.29516283,0.0,0
0.0,0.46583658,0.0,2
0.0,0.47450298,0.0,3
0.10115631,0.43229252,0.0,1
0.0,0.3684552,0.0,2
0.0024892492,0.45558542,0.0,0
0.0,0.47254664,0.0,3
0.0,0.4494264,0.0,2
0.0,0.30736053,0.0,1
0.002277678,0.46012512,0.0,0
0.0,0.3677215,0.0,1
0.037270233,0.45018488,0.0,2
0.0,0.46457505,0.0,2
0.0,0.39190784,0.0,1
0.019442767,0.45833153,0.0,0
0.018131884,0.46834695,0.0,3
0.01746182,0.304447,0.0,1
0.0,0.33485293,0.0,0
0.0,0.43142807,0.0,1
0.0,0.2742809,0.0,1
0.0,0.31798562,0.0,1
0.0,0.4439325,0.0,0
0.0,0.32944524,0.0,1
0.020099314,0.4411245,0.0,0
0.032106444,0.42883888,0.0,3
0.0,0.4104423,0.0,1
0.0,0.42198536,0.0,1
0.0,0.47055265,0.0,3
0.0,0.4453384,0.0,0
0.0,0.45181608,0.0,2
0.07382854,0.36087245,0.0,1
0.0,0.4691715,0.0,3
0.0,0.31524658,0.0,1
0.0,0.3762435,0.0,1
0.0,0.46117103,0.0,2
0.0,0.4046849,0.0,3
0.093759485,0.47349778,0.0,3
0.0,0.41845214,0.0,1
0.0,0.41826767,0.0,2
0.012681751,0.4698919,0.0,0
0.0,0.33460483,0.0,1
0.0,0.46246406,0.0,2
0.010034579,0.4649823,0.0,0
0.0,0.31416926,0.0,1
0.019859591,0.4023947,0.0,1
0.0,0.46224418,0.0,2
0.0,0.3721729,0.0,0
0.0,0.43601117,0.0,1
0.10065817,0.46107203,0.0,2
0.0,0.38261923,0.0,1
0.0,0.3147366,0.0,0
0.0,0.41941345,0.0,1
0.010089286,0.46568236,0.0,0
0.17329773,0.30678982,0.0,2
0.0,0.406116,0.0,0
0.0,0.3406063,0.0,1
0.010299292,0.47208083,0.0,2
0.0,0.34840944,0.0,3
0.01813273,0.45556867,0.0,2
0.0,0.47394025,0.0,3
0.016554957,0.43655896,0.0,0
0.022713711,0.42568344,0.0,0
0.011294473,0.29461575,0.0,1
0.009232546,0.46583244,0.0,0
0.0,0.36697474,0.0,1
0.0,0.4728996,0.0,3
0.0,0.40522394,0.0,1
0.0,0.34075204,0.0,1
0.0,0.40170127,0.0,1
0.04135775,0.47470695,0.0,3
0.0,0.37009948,0.0,0
0.0,0.3214663,0.0,0
0.0,0.42433298,0.0,0
0.0,0.3374773,0.0,1
0.0,0.3568416,0.0,1
0.14866783,0.32525274,0.0,1
0.0,0.45781603,0.0,3
0.0,0.47095495,0.0,0
0.06338862,0.3181846,0.0,0
0.036708344,0.34411293,0.0,3
0.01566037,0.47306308,0.0,3
0.012364224,0.45151636,0.0,2
0.0,0.4742077,0.0,3
0.031187149,0.37104926,0.0,1
0.0,0.28693917,0.0,1
0.0,0.33808666,0.0,0
0.01619716,0.3202778,0.0,1
0.0,0.43412614,0.0,1
0.0,0.38994837,0.0,1
0.0,0.44438607,0.0,2
0.0,0.41123426,0.0,2
0.0,0.31360328,0.0,1
0.0,0.46552047,0.0,2
0.0,0.46100163,0.0,3
0.0,0.29940268,0.0,0
0.0,0.36468393,0.0,1
0.011678436,0.43474543,0.0,0
0.0,0.39731306,0.0,0
0.0,0.4608754,0.0,2
0.0,0.46384695,0.0,3
0.0,0.42458215,0.0,2
0.0,0.3571416,0.0,3
0.0,0.37752616,0.0,1
0.025991067,0.33931822,0.0,3
0.07374687,0.31938392,0.0,1
0.0,0.38702846,0.0,1
0.0,0.42092296,0.0,0
0.013496235,0.40357864,0.0,0
0.0,0.37068117,0.0,3
0.0,0.34037828,0.0,1
0.0,0.32080853,0.0,0
0.0,0.4692583,0.0,0
0.0,0.46006307,0.0,3
0.14998406,0.45774025,0.0,2
0.0,0.3026698,0.0,2
0.0072664684,0.4550054,0.0,0
0.018024309,0.46229178,0.0,3
0.03980319,0.35625845,0.0,0
0.030383462,0.4505825,0.0,3
0.014039732,0.46742088,0.0,3
0.02594652,0.4695669,0.0,3
0.008127156,0.41862437,0.0,1
0.026017508,0.40496123,0.0,1
0.0,0.4752088,0.0,3
0.09765814,0.42892846,0.0,2
0.011118573,0.46080482,0.0,1
0.0066851843,0.45204684,0.0,0
0.0,0.47529867,0.0,3
0.0,0.4542828,0.0,3
0.0,0.4294995,0.0,3
0.16582009,0.38658738,0.0,2
0.060906235,0.32174602,0.0,1
0.0,0.45342705,0.0,0
0.0,0.3795261,0.0,1
0.0,0.37689692,0.0,1
0.0,0.34086475,0.0,0
0.015546926,0.40917704,0.0,0
0.0,0.45799384,0.0,0
0.0,0.40142995,0.0,1
0.003415395,0.29456958,0.0,1
0.0075828913,0.35857505,0.0,1
0.012884378,0.4558662,0.0,3
0.0,0.4468026,0.0,3
0.0,0.4056675,0.0,1
0.0,0.33562273,0.0,1
0.02459812,0.47302103,0.0,3
0.0,0.32851434,0.0,1
0.0,0.45616898,0.0,3
0.032140438,0.43806866,0.0,2
0.0,0.28141615,0.0,1
0.0,0.47464576,0.0,3
0.004140039,0.2896817,0.0,3
0.027504383,0.42570442,0.0,1
0.0,0.47433785,0.0,3
0.0902403,0.36083728,0.0,0
0.0,0.4169383,0.0,0
0.0,0.47507298,0.0,3
0.0,0.37323046,0.0,1
0.0,0.44302443,0.0,0
0.0,0.29747698,0.0,2
0.0,0.3919385,0.0,1
0.00587899,0.4535775,0.0,0
0.0,0.46902192,0.0,3
0.0,0.35182872,0.0,1
0.00888346,0.37217993,0.0,1
0.04139439,0.36700225,0.0,0
0.0,0.3201804,0.0,3
0.0,0.41072717,0.0,0
0.0,0.33727306,0.0,1
0.0,0.28204465,0.0,1
0.0052871164,0.47512072,0.0,3
0.0,0.4671507,0.0,0
0.0,0.46978143,0.0,2
0.0462901,0.2921001,0.0,1
0.0,0.45377246,0.0,2
0.03792641,0.4450859,0.0,3
0.010694933,0.3719669,0.0,1
0.0,0.34575292,0.0,1
0.015146679,0.3344094,0.0,1
0.0,0.44538495,0.0,0
0.0,0.3955486,0.0,1
0.03096139,0.44850883,0.0,3
0.0,0.30646038,0.0,1
0.0,0.45425385,0.0,3
0.0,0.33890823,0.0,1
0.009188823,0.47436488,0.0,3
0.0025637983,0.47113872,0.0,3
0.0044034114,0.39763594,0.0,3
0.0,0.4642469,0.0,3
0.0,0.41820118,0.0,2
0.0,0.44786146,0.0,0
0.02322398,0.3583046,0.0,0
0.0,0.45998865,0.0,2
0.006507917,0.46619007,0.0,3
0.028857382,0.33871707,0.0,1
0.0,0.4616013,0.0,0
0.0,0.40079075,0.0,1
0.015144517,0.37467664,0.0,1
0.010220984,0.46155953,0.0,2
0.0,0.46876428,0.0,0
0.043385305,0.44333306,0.0,0
0.07349871,0.43759447,0.0,0
0.022115301,0.3044926,0.0,1
0.0,0.45229194,0.0,0
0.21507742,0.4642122,0.0,2
0.0,0.45653433,0.0,2
0.0,0.4070774,0.0,2
0.0,0.47457895,0.0,3
0.031728007,0.43179604,0.0,3
0.0,0.34681797,0.0,2
0.0,0.45842764,0.0,3
0.0,0.40850377,0.0,1
0.0,0.37612104,0.0,1
0.0,0.47487596,0.0,0
0.0,0.44278613,0.0,3
0.0,0.32906982,0.0,3
0.0,0.3230006,0.0,1
0.0,0.31444243,0.0,1
0.08361971,0.29365376,0.0,0
0.0,0.36650214,0.0,1
0.0,0.43778017,0.0,0
0.009892555,0.35568672,0.0,3
0.0,0.44333765,0.0,2
0.0,0.31018728,0.0,2
0.0,0.45219564,0.0,1
0.0051837275,0.39392835,0.0,1
0.028977191,0.328394,0.0,1
0.0,0.47454327,0.0,0
0.009118049,0.29701152,0.0,1
0.0,0.45172527,0.0,3
0.0,0.4674313,0.0,0
0.0,0.46404386,0.0,3
0.0,0.4168271,0.0,3
0.007075185,0.30058157,0.0,0
0.0038647645,0.29986042,0.0,1
0.004537203,0.4751772,0.0,3
0.06458321,0.41947404,0.0,2
0.0,0.3081333,0.0,1
0.0,0.43063793,0.0,2
0.015752988,0.47293836,0.0,0
0.0,0.35570094,0.0,0
0.0,0.4744354,0.0,3
0.0027979498,0.46885163,0.0,3
0.03676133,0.46836796,0.0,2
0.0051893294,0.4744963,0.0,3
0.028317617,0.46498466,0.0,3
0.02373143,0.39394063,0.0,1
0.11592119,0.4518794,0.0,2
0.0,0.4286104,0.0,2
0.011940729,0.3643123,0.0,1
0.0,0.3255976,0.0,1
0.0,0.297988,0.0,1
0.0,0.28294137,0.0,1
0.0,0.36542186,0.0,0
0.0,0.3823027,0.0,1
0.0038410958,0.47489613,0.0,3
0.0,0.35562587,0.0,1
0.0,0.45935863,0.0,0
0.0,0.40454826,0.0,1
0.0,0.3891501,0.0,1
0.0,0.37515652,0.0,1
0.0,0.32412407,0.0,3
0.0050975666,0.31673265,0.0,1
0.0,0.45869517,0.0,3
0.0,0.35893357,0.0,1
0.030788539,0.45201945,0.0,2
0.0,0.32767364,0.0,1
0.0,0.47508606,0.0,3
0.0,0.41607687,0.0,0
0.0,0.4328227,0.0,0
0.024071956,0.3974688,0.0,3
0.0,0.34427,0.0,1
0.014616908,0.32881898,0.0,1
0.002802947,0.446537,0.0,2
0.12562919,0.44070685,0.0,2
0.0,0.3224667,0.0,1
0.0,0.3872771,0.0,1
0.014717755,0.4743987,0.0,3
0.0,0.46119016,0.0,0
0.0,0.30195457,0.0,1
0.023795452,0.4333911,0.0,0
0.01678114,0.4291501,0.0,3
0.020809792,0.46767116,0.0,3
0.015448753,0.42512563,0.0,2
0.0865176,0.47357905,0.0,3
0.0,0.363434,0.0,1
0.0055762343,0.47262383,0.0,0
0.0041482993,0.41973773,0.0,3
0.004907024,0.34000474,0.0,0
0.087465994,0.3406651,0.0,1
0.0,0.45657814,0.0,3
0.0,0.45366877,0.0,3
0.0,0.27963617,0.0,0
0.0018948686,0.4459887,0.0,0
0.0,0.41347623,0.0,0
0.0013092578,0.4700593,0.0,2
0.0,0.3259204,0.0,1
0.0,0.46909046,0.0,3
0.0,0.33711982,0.0,1
0.0,0.38304126,0.0,1
0.008974028,0.4424136,0.0,2
0.05934099,0.43381488,0.0,1
0.0,0.4614339,0.0,0
0.0,0.39797583,0.0,1
0.0,0.47451532,0.0,3
0.0,0.35775757,0.0,0
0.0,0.30707183,0.0,1
0.0,0.33163092,0.0,0
0.02315249,0.29025587,0.0,0
0.0,0.47096953,0.0,3
0.0,0.47323307,0.0,0
0.0030769284,0.44958848,0.0,0
0.0,0.47128844,0.0,3
0.0,0.46728444,0.0,3
0.11140217,0.34244436,0.0,0
0.0,0.3279562,0.0,1
0.028763726,0.3173144,0.0,1
0.0,0.37431988,0.0,1
0.0,0.35413504,0.0,2
0.0,0.47232696,0.0,3
0.0,0.43028343,0.0,2
0.0,0.34456086,0.0,1
0.0045255176,0.47405383,0.0,3
0.0,0.4589548,0.0,2
0.0,0.3400058,0.0,0
0.008418522,0.45898098,0.0,1
0.009369267,0.45201367,0.0,0
0.0,0.33557397,0.0,1
0.00487578,0.33899012,0.0,3
0.0,0.34483278,0.0,1
0.0,0.33649534,0.0,1
0.0,0.46216434,0.0,0
0.008780858,0.45302746,0.0,3
0.0,0.30888662,0.0,1
0.01278264,0.40524456,0.0,1
0.0,0.45873007,0.0,0
0.0,0.4589053,0.0,0
0.0,0.47083768,0.0,3
0.005618641,0.47284767,0.0,0
0.0,0.34832445,0.0,0
0.0,0.38529164,0.0,0
0.013512117,0.46799895,0.0,3
0.0,0.3687253,0.0,0
0.14846496,0.46364442,0.0,2
0.03707723,0.42358497,0.0,0
0.060115132,0.4703851,0.0,2
0.10500715,0.41931883,0.0,2
0.0022544381,0.28731835,0.0,1
0.0,0.39555147,0.0,0
0.016699739,0.4088994,0.0,0
0.0040515936,0.43522137,0.0,2
0.0,0.4393715,0.0,2
0.001530436,0.45399073,0.0,0
0.023703905,0.4495973,0.0,3
0.0,0.45671546,0.0,3
0.01840688,0.43678907,0.0,2
0.04004657,0.40866682,0.0,0
0.045012597,0.46174672,0.0,2
0.04662932,0.31997523,0.0,1
0.0,0.4503115,0.0,0
0.018425371,0.35874593,0.0,1
0.0,0.46766928,0.0,3
0.009501008,0.43386644,0.0,3
0.0946242,0.4405064,0.0,2
0.0,0.36090788,0.0,1
0.047250774,0.4704234,0.0,0
0.0,0.4401476,0.0,0
0.002225231,0.47355327,0.0,2
0.0,0.47252777,0.0,3
0.0,0.42641616,0.0,0
0.0,0.44710222,0.0,3
0.0,0.45646352,0.0,2
0.028738579,0.46208408,0.0,3
0.007331376,0.3075618,0.0,1
0.005267319,0.4710867,0.0,3
0.0,0.36856988,0.0,3
0.0,0.44133458,0.0,2
0.022717511,0.46754518,0.0,0
0.0,0.29035535,0.0,1
0.0,0.306763,0.0,0
0.0,0.38601747,0.0,0
0.0,0.4408196,0.0,0
0.0,0.29681537,0.0,1
0.002844053,0.4733673,0.0,3
0.0,0.4707469,0.0,0
0.0,0.3166623,0.0,1
0.0,0.37437794,0.0,2
0.0,0.34258565,0.0,1
0.03985987,0.28272745,0.0,1
0.0,0.46584228,0.0,3
0.0,0.44661686,0.0,2
0.0,0.28277183,0.0,1
0.0,0.33380195,0.0,3
0.0,0.4747659,0.0,3
0.0,0.28438663,0.0,3
0.0,0.4658996,0.0,0
0.0,0.38067523,0.0,0
0.0,0.46663705,0.0,3
0.058249373,0.28116718,0.0,0
0.0040209764,0.44425252,0.0,3
0.0,0.4361032,0.0,0
0.0079473965,0.46130586,0.0,2
0.0,0.38261116,0.0,0
0.008029016,0.33505046,0.0,1
0.0067296694,0.43477198,0.0,3
0.017062208,0.46493468,0.0,3
0.024219109,0.373923,0.0,0
0.0,0.43919164,0.0,1
0.0049883206,0.4169042,0.0,0
0.023690302,0.4690545,0.0,0
0.04460089,0.32671735,0.0,1
0.0,0.30291888,0.0,3
0.0,0.39835703,0.0,1
0.0,0.29529962,0.0,1
0.0,0.35323063,0.0,1
0.0,0.34935763,0.0,0
0.018742671,0.30325276,0.0,1
0.023791427,0.33779043,0.0,0
0.0,0.46806058,0.0,3
0.07400584,0.4449881,0.0,3
0.033708494,0.4252861,0.0,3
0.010940796,0.39306226,0.0,1
0.0070148255,0.30520135,0.0,1
0.0033254945,0.47027206,0.0,0
0.0,0.2997275,0.0,2
0.0,0.47201487,0.0,2
0.0,0.47227687,0.0,0
0.007501133,0.4585733,0.0,0
0.035722245,0.4303552,0.0,2
0.0,0.30384263,0.0,1
0.116130866,0.32042518,0.0,0
0.0,0.30815342,0.0,1
0.025855247,0.45924857,0.0,2
0.0,0.34058514,0.0,2
0.0,0.31900334,0.0,0
0.0,0.42298484,0.0,2
0.04061169,0.46536344,0.0,0
0.0,0.46018094,0.0,0
0.0,0.4503495,0.0,2
0.033603344,0.43050703,0.0,2
0.0018192604,0.4479467,0.0,0
0.0,0.4646917,0.0,2
0.0,0.40036628,0.0,1
0.0,0.47258613,0.0,3
0.0,0.46568954,0.0,0
0.0,0.31041673,0.0,1
0.0034568855,0.3905326,0.0,2
0.014978061,0.47188994,0.0,0
0.0,0.37237796,0.0,1
0.0,0.4564435,0.0,0
0.00385865,0.47095332,0.0,0
0.01841725,0.3834334,0.0,2
0.0,0.3378048,0.0,1
0.010686701,0.472326,0.0,3
0.0,0.45872903,0.0,1
0.004490046,0.40693435,0.0,3
0.0010551236,0.47456443,0.0,0
0.0,0.46312547,0.0,0
0.0,0.43800882,0.0,2
0.0,0.47397855,0.0,3
0.019341692,0.27628198,0.0,1
0.0021047276,0.4319738,0.0,0
0.0,0.32482463,0.0,1
0.0050233477,0.3174406,0.0,0
0.010596999,0.4171935,0.0,1
0.1586514,0.45713434,0.0,2
0.0,0.32525697,0.0,1
0.07289059,0.44765568,0.0,2
0.0,0.3334643,0.0,1
0.0063347346,0.36805257,0.0,1
0.003470589,0.4536576,0.0,0
0.0,0.37186414,0.0,2
0.0075414563,0.3867954,0.0,0
0.06629006,0.45688722,0.0,3
0.0,0.3093744,0.0,0
0.015671808,0.4644719,0.0,1
0.0,0.3126962,0.0,1
0.0,0.26898465,0.0,0
0.028747581,0.44550958,0.0,0
0.0,0.45785955,0.0,3
0.0,0.42397395,0.0,2
0.0,0.41002384,0.0,0
0.007666898,0.33036834,0.0,1
0.0,0.3256374,0.0,1
0.0,0.44589958,0.0,2
0.0,0.44955778,0.0,3
0.0,0.4645103,0.0,0
0.0066395407,0.41496184,0.0,2
0.022804316,0.43241638,0.0,0
0.07802341,0.4568352,0.0,0
0.0,0.3552317,0.0,1
0.0,0.35297722,0.0,0
0.019422093,0.44117805,0.0,1
0.0,0.46778834,0.0,0
0.019063808,0.46880317,0.0,3
0.060284328,0.46652278,0.0,2
0.06332033,0.47012123,0.0,2
0.0,0.44897246,0.0,1
0.0,0.42318493,0.0,2
0.03137415,0.33839142,0.0,1
0.03521127,0.36726552,0.0,1
0.0,0.47223198,0.0,0
0.035560172,0.42828637,0.0,1
0.0,0.46421263,0.0,3
0.033900533,0.45601067,0.0,3
0.0,0.46108055,0.0,3
0.0,0.4569076,0.0,3
0.010858033,0.4740234,0.0,0
0.02457941,0.4651807,0.0,0
0.0,0.35923526,0.0,1
0.0,0.3156836,0.0,2
0.002253942,0.38086572,0.0,3
0.0,0.37537992,0.0,1
0.0,0.34141713,0.0,1
0.03146108,0.43105394,0.0,2
0.0078663705,0.4320051,0.0,0
0.0,0.40127861,0.0,0
0.0,0.31885433,0.0,2
0.0,0.4165672,0.0,3
0.011602998,0.47447118,0.0,3
0.05791252,0.3758598,0.0,0
0.028027464,0.45863527,0.0,3
0.008843529,0.4046869,0.0,3
0.007997841,0.25796685,0.0,3
0.0070527038,0.46887696,0.0,3
0.0,0.41183868,0.0,1
0.0,0.38456053,0.0,1
0.0006649386,0.46626168,0.0,2
0.006139353,0.47061083,0.0,2
0.0,0.4604735,0.0,3
0.010043748,0.47481748,0.0,0
0.0055445745,0.46162444,0.0,0
0.00021634698,0.47468233,0.0,0
0.18162176,0.4054467,0.0,1
0.020579984,0.3254414,0.0,3
0.0,0.4518957,0.0,1
0.0,0.3677209,0.0,1
0.0,0.47403255,0.0,3
0.0,0.46456087,0.0,3
0.0055838483,0.41073096,0.0,3
0.019155523,0.38294706,0.0,0
0.06007734,0.42269543,0.0,2
0.0,0.4547793,0.0,0
0.0,0.4114574,0.0,2
0.0,0.3736426,0.0,0
0.022586938,0.3580711,0.0,0
0.0,0.42119318,0.0,1
0.0,0.45716423,0.0,2
0.005906109,0.43405238,0.0,2
0.0,0.47055444,0.0,2
0.0,0.31789008,0.0,1
0.0,0.38256818,0.0,0
0.0,0.38389325,0.0,0
0.01128814,0.45956832,0.0,2
0.0,0.35623834,0.0,1
0.0,0.44560137,0.0,3
0.0,0.35662332,0.0,0
0.0,0.30804375,0.0,2
0.0,0.33146533,0.0,3
0.14731061,0.4500959,0.0,2
0.065270856,0.28524274,0.0,1
0.0,0.4532947,0.0,0
0.012283765,0.46801943,0.0,3
0.0,0.472336,0.0,3
0.0,0.46698052,0.0,3
0.0,0.3079555,0.0,1
0.059353758,0.46061975,0.0,2
0.014078021,0.4036898,0.0,1
0.0,0.4753034,0.0,3
0.014496994,0.3209229,0.0,0
0.0,0.34764516,0.0,1
0.015941644,0.3249604,0.0,1
0.0,0.30844,0.0,1
0.0,0.43219724,0.0,1
0.019494293,0.4681283,0.0,2
0.0,0.45098385,0.0,0
0.0,0.42672092,0.0,0
0.0,0.33997056,0.0,1
0.0,0.4483756,0.0,0
0.0,0.30876932,0.0,1
0.0,0.3444568,0.0,0
0.0,0.38796756,0.0,0
0.0,0.46416736,0.0,3
0.01910402,0.424811,0.0,1
0.0,0.43128932,0.0,1
0.07145066,0.32455227,0.0,1
0.007834934,0.47464323,0.0,3
0.0,0.46334198,0.0,0
0.025700634,0.4230342,0.0,1
0.0,0.4614346,0.0,3
0.0,0.31751662,0.0,0
0.006466008,0.4469043,0.0,3
0.004256397,0.40889594,0.0,2
0.0,0.4742337,0.0,3
0.0,0.4674774,0.0,0
0.0,0.333199,0.0,0
0.0,0.4445993,0.0,3
0.010875513,0.45723823,0.0,0
0.0,0.3443054,0.0,0
0.0,0.46257317,0.0,0
0.0,0.4377609,0.0,2
0.1597207,0.46692696,0.0,2
0.0,0.4588689,0.0,2
0.0,0.45735592,0.0,0
0.0,0.40921116,0.0,3
0.0,0.42715743,0.0,2
0.0,0.47411352,0.0,3
0.034585956,0.46043023,0.0,0
0.008730512,0.30606413,0.0,1
0.0,0.47415617,0.0,0
0.0,0.47134605,0.0,2
0.0033666797,0.28950474,0.0,1
0.0,0.3183199,0.0,1
0.0,0.39494205,0.0,1
0.0,0.44502398,0.0,2
0.0,0.41300344,0.0,2
0.019351827,0.44630644,0.0,2
0.0,0.34960014,0.0,1
0.007359143,0.45234042,0.0,3
0.0,0.2953762,0.0,1
0.024130879,0.46401218,0.0,3
0.0066491305,0.4377688,0.0,1
0.007406013,0.34545714,0.0,1
0.0,0.46109885,0.0,2
0.0,0.40474695,0.0,0
0.0,0.4696181,0.0,3
0.0,0.30257487,0.0,1
0.0009008869,0.4272132,0.0,0
0.0,0.45007825,0.0,0
0.0,0.40361935,0.0,0
0.031225204,0.46683553,0.0,3
0.0,0.30312932,0.0,1
0.0073435004,0.42625237,0.0,1
0.0,0.33746874,0.0,1
0.0,0.47350383,0.0,0
0.0039080526,0.34097788,0.0,1
0.0,0.4237301,0.0,1
0.0,0.43615285,0.0,3
0.0,0.38976452,0.0,0
0.015086854,0.46713883,0.0,3
0.07955415,0.38856682,0.0,0
0.0,0.46572825,0.0,0
0.0,0.42264235,0.0,1
0.0,0.3961909,0.0,1
0.057985164,0.46521965,0.0,3
0.0,0.45756745,0.0,3
0.0,0.36075,0.0,0
0.0,0.46707994,0.0,3
0.0021921396,0.44675016,0.0,0
0.0,0.44102654,0.0,0
0.0,0.39490187,0.0,1
0.038711805,0.4688385,0.0,3
0.0,0.46646312,0.0,0
0.0,0.398855,0.0,3
0.0,0.40644953,0.0,0
0.0,0.47224697,0.0,3
0.02644823,0.42756873,0.0,1
0.0,0.47181615,0.0,3
0.007232297,0.34718305,0.0,1
0.0,0.4359641,0.0,0
0.01232086,0.4242355,0.0,2
0.0,0.465324,0.0,3
0.0,0.47455612,0.0,3
0.0,0.43778288,0.0,2
0.0,0.35432246,0.0,1
0.0,0.4468766,0.0,3
0.009151779,0.4127023,0.0,3
0.0,0.43999404,0.0,0
0.0,0.47068587,0.0,3
0.0,0.34632644,0.0,1
0.086393744,0.44002548,0.0,2
0.019987982,0.36092198,0.0,2
0.0,0.41732907,0.0,0
0.0011018998,0.4448554,0.0,0
0.0,0.47392216,0.0,0
0.0,0.4590637,0.0,2
0.0,0.47440556,0.0,3
0.0,0.30904073,0.0,0
0.0,0.46906582,0.0,2
0.0862827,0.47220677,0.0,2
0.0,0.44960332,0.0,0
0.03446386,0.4721031,0.0,3
0.0038394425,0.47430798,0.0,0
0.016026936,0.4519957,0.0,1
0.0,0.3765846,0.0,1
0.046091076,0.36549094,0.0,1
0.007009524,0.43989673,0.0,0
0.0,0.45252755,0.0,2
0.0,0.27517438,0.0,3
0.011768809,0.41154292,0.0,2
0.0,0.33993196,0.0,1
0.10499367,0.47334695,0.0,3
0.0024894227,0.45166272,0.0,3
0.0018236024,0.46728146,0.0,0
0.0,0.30319282,0.0,1
0.061096016,0.45060685,0.0,2
0.009661483,0.3076886,0.0,0
0.0,0.45525178,0.0,3
0.0038548068,0.457965,0.0,0
0.0,0.3137455,0.0,3
0.0,0.32969204,0.0,1
0.0,0.3047985,0.0,1
0.03966725,0.3263947,0.0,1
0.014498862,0.46237323,0.0,3
0.0036037508,0.38488945,0.0,1
0.0,0.4099495,0.0,2
0.0121270735,0.45611078,0.0,0
0.045673233,0.31268084,0.0,1
0.0,0.4648647,0.0,0
0.0,0.3226209,0.0,1
0.0045380504,0.43292713,0.0,1
0.0,0.47051138,0.0,0
0.0,0.4437655,0.0,2
0.0,0.45279926,0.0,3
0.01071421,0.4556541,0.0,2
0.0,0.38034627,0.0,1
0.008074613,0.47336954,0.0,0
0.0,0.35455996,0.0,1
0.0017158015,0.42800072,0.0,0
0.0,0.33099005,0.0,1
0.001903105,0.47181743,0.0,0
0.022555757,0.45765707,0.0,2
0.045491897,0.42806056,0.0,0
0.0,0.30010656,0.0,1
0.0,0.3061698,0.0,0
0.0,0.3165638,0.0,1
0.0,0.47119546,0.0,3
0.0,0.34166726,0.0,2
0.0,0.40577337,0.0,2
0.0,0.44942826,0.0,1
0.06379352,0.3401725,0.0,2
0.015221381,0.37682837,0.0,1
0.03587931,0.46514034,0.0,0
0.006035133,0.4734746,0.0,3
0.008399957,0.38903096,0.0,1
0.017569056,0.4622545,0.0,0
0.014110368,0.29947418,0.0,1
0.0101573095,0.42802596,0.0,0
0.016633375,0.47277993,0.0,3
0.009436794,0.45443094,0.0,2
0.0,0.39976543,0.0,0
0.0,0.4739031,0.0,3
0.0,0.33048224,0.0,1
0.0,0.29354185,0.0,1
0.03715719,0.2822495,0.0,0
0.0,0.46254328,0.0,2
0.017728524,0.4290694,0.0,0
0.0,0.29457858,0.0,0
0.0,0.37607336,0.0,2
0.019828107,0.42924273,0.0,0
0.005817536,0.4536788,0.0,0
0.0,0.3533289,0.0,1
0.064284556,0.46502668,0.0,2
0.0005104482,0.39336598,0.0,0
0.0,0.47348443,0.0,3
0.0,0.47401282,0.0,0
0.020563394,0.42156792,0.0,1
0.010787573,0.47131625,0.0,3
0.0,0.29596278,0.0,1
0.0,0.42003155,0.0,1
0.12844202,0.46567175,0.0,2
0.0,0.41575602,0.0,3
0.003926514,0.4466093,0.0,2
0.01875947,0.33283842,0.0,0
0.002169448,0.3986393,0.0,0
0.018967733,0.44214582,0.0,2
0.0,0.47420576,0.0,3
0.02813205,0.29317766,0.0,1
0.016269814,0.47172266,0.0,0
0.0,0.38669538,0.0,2
0.008987179,0.47278142,0.0,0
0.0,0.42816544,0.0,2
0.0062537217,0.3848104,0.0,1
0.032477748,0.45938942,0.0,2
0.0,0.4703477,0.0,0
0.0,0.42153013,0.0,1
0.0,0.46180832,0.0,2
0.0062458427,0.32263628,0.0,1
0.0,0.35133788,0.0,1
0.0,0.30038762,0.0,0
0.0,0.41022468,0.0,2
0.0,0.37967443,0.0,1
0.0052871765,0.47129866,0.0,3
0.0,0.3094071,0.0,3
0.01544804,0.43775395,0.0,3
0.017951606,0.47146824,0.0,3
0.0,0.39521116,0.0,3
0.0,0.3548855,0.0,1
0.0071889767,0.47220498,0.0,0
0.050536484,0.45850453,0.0,3
0.0,0.41621616,0.0,1
0.0,0.42768964,0.0,0
0.012117702,0.35771802,0.0,0
0.0100209955,0.32493395,0.0,1
0.049842447,0.44748154,0.0,3
0.0,0.45632878,0.0,2
0.110406265,0.3030482,0.0,3
0.06243184,0.45257798,0.0,3
0.023767583,0.47446916,0.0,3
0.02055576,0.41484356,0.0,2
0.0,0.4499683,0.0,0
0.023500845,0.45301023,0.0,2
0.0,0.40251476,0.0,3
0.0,0.44496602,0.0,0
0.0,0.43660423,0.0,0
0.037248977,0.47434548,0.0,0
0.0,0.47335383,0.0,0
0.0,0.3839901,0.0,0
0.009696582,0.37737748,0.0,1
0.0,0.39621007,0.0,2
0.0,0.38545835,0.0,2
0.0,0.34193638,0.0,1
0.0,0.4702937,0.0,3
0.027605524,0.46898362,0.0,3
0.13047384,0.46323323,0.0,2
0.0,0.3568003,0.0,1
0.0,0.4586432,0.0,2
0.006023246,0.4696138,0.0,3
0.0,0.39097917,0.0,0
0.0,0.29081547,0.0,1
0.0,0.4733269,0.0,0
0.0,0.4532903,0.0,0
0.0046992106,0.4657253,0.0,0
0.0084966365,0.27092984,0.0,1
0.010172256,0.39774427,0.0,0
0.0,0.34166765,0.0,0
0.0,0.30848065,0.0,1
0.0046525146,0.46430963,0.0,3
0.062156,0.41705862,0.0,2
0.0017393499,0.44141105,0.0,2
0.063527085,0.41116807,0.0,0
0.0,0.36071253,0.0,1
0.0,0.41261378,0.0,1
0.0,0.4153887,0.0,2
0.0,0.4542949,0.0,2
0.0,0.39145285,0.0,0
0.092373095,0.45722649,0.0,1
0.0029069632,0.47419098,0.0,0
0.0827142,0.3948924,0.0,1
0.0,0.34462103,0.0,1
0.0,0.3302464,0.0,0
0.0,0.38413042,0.0,2
0.0,0.41915458,0.0,3
0.001824481,0.47431317,0.0,3
0.0,0.32811135,0.0,1
0.0,0.46418375,0.0,3
0.09500248,0.4555073,0.0,2
0.0,0.42755032,0.0,0
0.0,0.4284549,0.0,2
0.023119226,0.38357243,0.0,2
0.09416544,0.46612528,0.0,2
0.0,0.3148772,0.0,1
0.0,0.4695741,0.0,0
0.0,0.44050375,0.0,2
0.029922575,0.46342817,0.0,3
0.0064298008,0.30965865,0.0,1
0.0,0.37527442,0.0,1
0.0,0.31215307,0.0,1
0.0054348963,0.35092118,0.0,0
0.0,0.39719778,0.0,1
0.07296402,0.46442577,0.0,2
0.0,0.46116763,0.0,2
0.03549834,0.28738782,0.0,1
0.00043542183,0.47043005,0.0,0
0.0,0.4679266,0.0,0
0.19133009,0.4672228,0.0,2
0.0072331796,0.35254228,0.0,3
0.0,0.35913435,0.0,1
0.0056404024,0.47481775,0.0,3
0.0,0.40519688,0.0,0
0.0,0.2896508,0.0,1
0.0,0.2772441,0.0,1
0.011535416,0.3047221,0.0,1
0.0,0.41632506,0.0,2
0.010297575,0.45218998,0.0,3
0.18073511,0.46597922,0.0,2
0.05852569,0.40506488,0.0,1
0.0,0.3153978,0.0,1
0.0,0.38448378,0.0,3
0.0,0.46627802,0.0,3
0.0,0.4602226,0.0,3
0.010755815,0.4658362,0.0,0
0.017128976,0.32760787,0.0,1
0.0,0.47328305,0.0,0
0.0,0.47123793,0.0,2
0.0,0.43661195,0.0,1
0.0,0.46454117,0.0,0
0.0019398705,0.44936088,0.0,2
0.01064064,0.47372335,0.0,3
0.0052039726,0.42114383,0.0,0
0.011594916,0.3084776,0.0,1
0.0,0.45210108,0.0,3
0.0,0.4559186,0.0,2
0.0,0.47117957,0.0,0
0.0,0.27383414,0.0,1
0.059654854,0.3673187,0.0,0
0.0,0.4317225,0.0,0
0.0029206832,0.4626262,0.0,0
0.0,0.4613468,0.0,0
0.04864219,0.4523408,0.0,3
0.0,0.45452008,0.0,2
0.0,0.29182482,0.0,1
0.0,0.36472818,0.0,1
0.040112138,0.3892185,0.0,0
0.031350818,0.29838434,0.0,1
0.0016248169,0.46710423,0.0,0
0.00095010456,0.4536292,0.0,0
0.031932864,0.4732375,0.0,0
0.0,0.45811656,0.0,0
0.0,0.45042235,0.0,1
0.025642341,0.47167188,0.0,3
0.0,0.3188439,0.0,1
0.0,0.42386293,0.0,2
0.0,0.4688007,0.0,2
0.0034833022,0.46208572,0.0,3
0.01780716,0.4115812,0.0,0
0.0809379,0.338304,0.0,0
0.0,0.47406924,0.0,3
0.03500868,0.4589866,0.0,0
0.06730396,0.47167924,0.0,2
0.0,0.40053543,0.0,0
0.022257153,0.3228431,0.0,0
0.0,0.30998617,0.0,1
0.0,0.4695656,0.0,3
0.0,0.46788213,0.0,2
0.0,0.47287026,0.0,3
0.0,0.3233635,0.0,1
0.039082617,0.4734977,0.0,3
0.0,0.47421053,0.0,3
0.0,0.36338696,0.0,3
0.0,0.40189815,0.0,2
0.0,0.4618641,0.0,3
0.0,0.35539803,0.0,1
0.014190448,0.43037885,0.0,0
0.17546456,0.45882332,0.0,2
0.12834018,0.47253224,0.0,2
0.0,0.3363645,0.0,1
0.024199678,0.4567476,0.0,0
0.0,0.28079695,0.0,1
0.0,0.4572434,0.0,3
0.0,0.46898463,0.0,3
0.026104797,0.4403386,0.0,2
0.0,0.3572965,0.0,1
0.0,0.42750552,0.0,2
0.04344597,0.33099836,0.0,1
0.0,0.46833512,0.0,2
0.014449923,0.45256245,0.0,0
0.0,0.4691106,0.0,3
0.0,0.35485637,0.0,1
0.012796385,0.44726413,0.0,2
0.0,0.3372873,0.0,1
0.005099661,0.4591322,0.0,2
0.023599768,0.46815398,0.0,0
0.019834608,0.4678957,0.0,2
0.0005983634,0.44681183,0.0,0
0.0,0.4712207,0.0,2
0.0,0.377192,0.0,1
0.0,0.3718098,0.0,1
0.0,0.45617154,0.0,1
0.0,0.33037832,0.0,1
0.0,0.3195583,0.0,1
0.0,0.41466463,0.0,0
0.0,0.45491198,0.0,0
0.1918837,0.4456741,0.0,2
0.021733904,0.44866112,0.0,0
0.02942455,0.34029266,0.0,1
0.0,0.40394214,0.0,0
0.0,0.3810158,0.0,0
0.0073719025,0.47499514,0.0,3
0.0,0.38084874,0.0,1
0.0073429914,0.47135866,0.0,2
0.0,0.45524397,0.0,0
0.0041437056,0.4657533,0.0,2
0.0,0.29337695,0.0,1
0.05998471,0.44722766,0.0,2
0.08301962,0.4556815,0.0,2
0.011811077,0.44477493,0.0,1
0.0,0.40698448,0.0,2
